ISBN,Image-URL-S,Image-URL-M,Image-URL-L
0195153448,http://images.amazon.com/images/P/0195153448.01.THUMBZZZ.jpg,http://images.amazon.com/images/P/0195153448.01.MZZZZZZZ.jpg,http://images.amazon.com/images/P/0195153448.01.LZZZZZZZ.jpg
0002005018,http://images.amazon.com/images/P/0002005018.01.THUMBZZZ.jpg,http://images.amazon.com/images/P/0002005018.01.MZZZZZZZ.jpg,http://images.amazon.com/images/P/0002005018.01.LZZZZZZZ.jpg
0060973129,http://images.amazon.com/images/P/0060973129.01.THUMBZZZ.jpg,http://images.amazon.com/images/P/0060973129.01.MZZZZZZZ.jpg,http://images.amazon.com/images/P/0060973129.01.LZZZZZZZ.jpg
0374157065,http://images.amazon.com/images/P/0374157065.01.THUMBZZZ.jpg,http://images.amazon.com/images/P/0374157065.01.MZZZZZZZ.jpg,http://images.amazon.com/images/P/0374157065.01.LZZZZZZZ.jpg
0393045218,http://images.amazon.com/images/P/0393045218.01.THUMBZZZ.jpg,http://images.amazon.com/images/P/0393045218.01.MZZZZZZZ.jpg,http://images.amazon.com/images/P/0393045218.01.LZZZZZZZ.jpg
0399135782,http://images.amazon.com/images/P/0399135782.01.THUMBZZZ.jpg,http://images.amazon.com/images/P/0399135782.01.MZZZZZZZ.jpg,http://images.amazon.com/images/P/0399135782.01.LZZZZZZZ.jpg
0425176428,http://images.amazon.com/images/P/0425176428.01.THUMBZZZ.jpg,http://images.amazon.com/images/P/0425176428.01.MZZZZZZZ.jpg,http://images.amazon.com/images/P/0425176428.01.LZZZZZZZ.jpg
0671870432,http://images.amazon.com/images/P/0671870432.01.THUMBZZZ.jpg,http://images.amazon.com/images/P/0671870432.01.MZZZZZZZ.jpg,http://images.amazon.com/images/P/0671870432.01.LZZZZZZZ.jpg
0679425608,http://images.amazon.com/images/P/0679425608.01.THUMBZZZ.jpg,http://images.amazon.com/images/P/0679425608.01.MZZZZZZZ.jpg,http://images.amazon.com/images/P/0679425608.01.LZZZZZZZ.jpg
074322678X,http://images.amazon.com/images/P/074322678X.01.THUMBZZZ.jpg,http://images.amazon.com/images/P/074322678X.01.MZZZZZZZ.jpg,http://images.amazon.com/images/P/074322678X.01.LZZZZZZZ.jpg
0771074670,http://images.amazon.com/images/P/0771074670.01.THUMBZZZ.jpg,http://images.amazon.com/images/P/0771074670.01.MZZZZZZZ.jpg,http://images.amazon.com/images/P/0771074670.01.LZZZZZZZ.jpg
080652121X,http://images.amazon.com/images/P/080652121X.01.THUMBZZZ.jpg,http://images.amazon.com/images/P/080652121X.01.MZZZZZZZ.jpg,http://images.amazon.com/images/P/080652121X.01.LZZZZZZZ.jpg
0887841740,http://images.amazon.com/images/P/0887841740.01.THUMBZZZ.jpg,http://images.amazon.com/images/P/0887841740.01.MZZZZZZZ.jpg,http://images.amazon.com/images/P/0887841740.01.LZZZZZZZ.jpg
1552041778,http://images.amazon.com/images/P/1552041778.01.THUMBZZZ.jpg,http://images.amazon.com/images/P/1552041778.01.MZZZZZZZ.jpg,http://images.amazon.com/images/P/1552041778.01.LZZZZZZZ.jpg
1558746218,http://images.amazon.com/images/P/1558746218.01.THUMBZZZ.jpg,http://images.amazon.com/images/P/1558746218.01.MZZZZZZZ.jpg,http://images.amazon.com/images/P/1558746218.01.LZZZZZZZ.jpg
1567407781,http://images.amazon.com/images/P/1567407781.01.THUMBZZZ.jpg,http://images.amazon.com/images/P/1567407781.01.MZZZZZZZ.jpg,http://images.amazon.com/images/P/1567407781.01.LZZZZZZZ.jpg
1575663937,http://images.amazon.com/images/P/1575663937.01.THUMBZZZ.jpg,http://images.amazon.com/images/P/1575663937.01.MZZZZZZZ.jpg,http://images.amazon.com/images/P/1575663937.01.LZZZZZZZ.jpg
1881320189,http://images.amazon.com/images/P/1881320189.01.THUMBZZZ.jpg,http://images.amazon.com/images/P/1881320189.01.MZZZZZZZ.jpg,http://images.amazon.com/images/P/1881320189.01.LZZZZZZZ.jpg
0440234743,http://images.amazon.com/images/P/0440234743.01.THUMBZZZ.jpg,http://images.amazon.com/images/P/0440234743.01.MZZZZZZZ.jpg,http://images.amazon.com/images/P/0440234743.01.LZZZZZZZ.jpg
0452264464,http://images.amazon.com/images/P/0452264464.01.THUMBZZZ.jpg,http://images.amazon.com/images/P/0452264464.01.MZZZZZZZ.jpg,http://images.amazon.com/images/P/0452264464.01.LZZZZZZZ.jpg
0609804618,http://images.amazon.com/images/P/0609804618.01.THUMBZZZ.jpg,http://images.amazon.com/images/P/0609804618.01.MZZZZZZZ.jpg,http://images.amazon.com/images/P/0609804618.01.LZZZZZZZ.jpg
1841721522,http://images.amazon.com/images/P/1841721522.01.THUMBZZZ.jpg,http://images.amazon.com/images/P/1841721522.01.MZZZZZZZ.jpg,http://images.amazon.com/images/P/1841721522.01.LZZZZZZZ.jpg
1879384493,http://images.amazon.com/images/P/1879384493.01.THUMBZZZ.jpg,http://images.amazon.com/images/P/1879384493.01.MZZZZZZZ.jpg,http://images.amazon.com/images/P/1879384493.01.LZZZZZZZ.jpg
0061076031,http://images.amazon.com/images/P/0061076031.01.THUMBZZZ.jpg,http://images.amazon.com/images/P/0061076031.01.MZZZZZZZ.jpg,http://images.amazon.com/images/P/0061076031.01.LZZZZZZZ.jpg
0439095026,http://images.amazon.com/images/P/0439095026.01.THUMBZZZ.jpg,http://images.amazon.com/images/P/0439095026.01.MZZZZZZZ.jpg,http://images.amazon.com/images/P/0439095026.01.LZZZZZZZ.jpg
0689821166,http://images.amazon.com/images/P/0689821166.01.THUMBZZZ.jpg,http://images.amazon.com/images/P/0689821166.01.MZZZZZZZ.jpg,http://images.amazon.com/images/P/0689821166.01.LZZZZZZZ.jpg
0971880107,http://images.amazon.com/images/P/0971880107.01.THUMBZZZ.jpg,http://images.amazon.com/images/P/0971880107.01.MZZZZZZZ.jpg,http://images.amazon.com/images/P/0971880107.01.LZZZZZZZ.jpg
0345402871,http://images.amazon.com/images/P/0345402871.01.THUMBZZZ.jpg,http://images.amazon.com/images/P/0345402871.01.MZZZZZZZ.jpg,http://images.amazon.com/images/P/0345402871.01.LZZZZZZZ.jpg
0345417623,http://images.amazon.com/images/P/0345417623.01.THUMBZZZ.jpg,http://images.amazon.com/images/P/0345417623.01.MZZZZZZZ.jpg,http://images.amazon.com/images/P/0345417623.01.LZZZZZZZ.jpg
0684823802,http://images.amazon.com/images/P/0684823802.01.THUMBZZZ.jpg,http://images.amazon.com/images/P/0684823802.01.MZZZZZZZ.jpg,http://images.amazon.com/images/P/0684823802.01.LZZZZZZZ.jpg
0375759778,http://images.amazon.com/images/P/0375759778.01.THUMBZZZ.jpg,http://images.amazon.com/images/P/0375759778.01.MZZZZZZZ.jpg,http://images.amazon.com/images/P/0375759778.01.LZZZZZZZ.jpg
0425163091,http://images.amazon.com/images/P/0425163091.01.THUMBZZZ.jpg,http://images.amazon.com/images/P/0425163091.01.MZZZZZZZ.jpg,http://images.amazon.com/images/P/0425163091.01.LZZZZZZZ.jpg
3404921038,http://images.amazon.com/images/P/3404921038.01.THUMBZZZ.jpg,http://images.amazon.com/images/P/3404921038.01.MZZZZZZZ.jpg,http://images.amazon.com/images/P/3404921038.01.LZZZZZZZ.jpg
3442353866,http://images.amazon.com/images/P/3442353866.01.THUMBZZZ.jpg,http://images.amazon.com/images/P/3442353866.01.MZZZZZZZ.jpg,http://images.amazon.com/images/P/3442353866.01.LZZZZZZZ.jpg
3442410665,http://images.amazon.com/images/P/3442410665.01.THUMBZZZ.jpg,http://images.amazon.com/images/P/3442410665.01.MZZZZZZZ.jpg,http://images.amazon.com/images/P/3442410665.01.LZZZZZZZ.jpg
3442446937,http://images.amazon.com/images/P/3442446937.01.THUMBZZZ.jpg,http://images.amazon.com/images/P/3442446937.01.MZZZZZZZ.jpg,http://images.amazon.com/images/P/3442446937.01.LZZZZZZZ.jpg
0375406328,http://images.amazon.com/images/P/0375406328.01.THUMBZZZ.jpg,http://images.amazon.com/images/P/0375406328.01.MZZZZZZZ.jpg,http://images.amazon.com/images/P/0375406328.01.LZZZZZZZ.jpg
0446310786,http://images.amazon.com/images/P/0446310786.01.THUMBZZZ.jpg,http://images.amazon.com/images/P/0446310786.01.MZZZZZZZ.jpg,http://images.amazon.com/images/P/0446310786.01.LZZZZZZZ.jpg
0449005615,http://images.amazon.com/images/P/0449005615.01.THUMBZZZ.jpg,http://images.amazon.com/images/P/0449005615.01.MZZZZZZZ.jpg,http://images.amazon.com/images/P/0449005615.01.LZZZZZZZ.jpg
0060168013,http://images.amazon.com/images/P/0060168013.01.THUMBZZZ.jpg,http://images.amazon.com/images/P/0060168013.01.MZZZZZZZ.jpg,http://images.amazon.com/images/P/0060168013.01.LZZZZZZZ.jpg
038078243X,http://images.amazon.com/images/P/038078243X.01.THUMBZZZ.jpg,http://images.amazon.com/images/P/038078243X.01.MZZZZZZZ.jpg,http://images.amazon.com/images/P/038078243X.01.LZZZZZZZ.jpg
055321215X,http://images.amazon.com/images/P/055321215X.01.THUMBZZZ.jpg,http://images.amazon.com/images/P/055321215X.01.MZZZZZZZ.jpg,http://images.amazon.com/images/P/055321215X.01.LZZZZZZZ.jpg
067176537X,http://images.amazon.com/images/P/067176537X.01.THUMBZZZ.jpg,http://images.amazon.com/images/P/067176537X.01.MZZZZZZZ.jpg,http://images.amazon.com/images/P/067176537X.01.LZZZZZZZ.jpg
0061099686,http://images.amazon.com/images/P/0061099686.01.THUMBZZZ.jpg,http://images.amazon.com/images/P/0061099686.01.MZZZZZZZ.jpg,http://images.amazon.com/images/P/0061099686.01.LZZZZZZZ.jpg
0553582909,http://images.amazon.com/images/P/0553582909.01.THUMBZZZ.jpg,http://images.amazon.com/images/P/0553582909.01.MZZZZZZZ.jpg,http://images.amazon.com/images/P/0553582909.01.LZZZZZZZ.jpg
0671888587,http://images.amazon.com/images/P/0671888587.01.THUMBZZZ.jpg,http://images.amazon.com/images/P/0671888587.01.MZZZZZZZ.jpg,http://images.amazon.com/images/P/0671888587.01.LZZZZZZZ.jpg
0553582747,http://images.amazon.com/images/P/0553582747.01.THUMBZZZ.jpg,http://images.amazon.com/images/P/0553582747.01.MZZZZZZZ.jpg,http://images.amazon.com/images/P/0553582747.01.LZZZZZZZ.jpg
0425182908,http://images.amazon.com/images/P/0425182908.01.THUMBZZZ.jpg,http://images.amazon.com/images/P/0425182908.01.MZZZZZZZ.jpg,http://images.amazon.com/images/P/0425182908.01.LZZZZZZZ.jpg
042518630X,http://images.amazon.com/images/P/042518630X.01.THUMBZZZ.jpg,http://images.amazon.com/images/P/042518630X.01.MZZZZZZZ.jpg,http://images.amazon.com/images/P/042518630X.01.LZZZZZZZ.jpg
0440223571,http://images.amazon.com/images/P/0440223571.01.THUMBZZZ.jpg,http://images.amazon.com/images/P/0440223571.01.MZZZZZZZ.jpg,http://images.amazon.com/images/P/0440223571.01.LZZZZZZZ.jpg
0812523873,http://images.amazon.com/images/P/0812523873.01.THUMBZZZ.jpg,http://images.amazon.com/images/P/0812523873.01.MZZZZZZZ.jpg,http://images.amazon.com/images/P/0812523873.01.LZZZZZZZ.jpg
0842342702,http://images.amazon.com/images/P/0842342702.01.THUMBZZZ.jpg,http://images.amazon.com/images/P/0842342702.01.MZZZZZZZ.jpg,http://images.amazon.com/images/P/0842342702.01.LZZZZZZZ.jpg
0440225701,http://images.amazon.com/images/P/0440225701.01.THUMBZZZ.jpg,http://images.amazon.com/images/P/0440225701.01.MZZZZZZZ.jpg,http://images.amazon.com/images/P/0440225701.01.LZZZZZZZ.jpg
0060914068,http://images.amazon.com/images/P/0060914068.01.THUMBZZZ.jpg,http://images.amazon.com/images/P/0060914068.01.MZZZZZZZ.jpg,http://images.amazon.com/images/P/0060914068.01.LZZZZZZZ.jpg
0156047624,http://images.amazon.com/images/P/0156047624.01.THUMBZZZ.jpg,http://images.amazon.com/images/P/0156047624.01.MZZZZZZZ.jpg,http://images.amazon.com/images/P/0156047624.01.LZZZZZZZ.jpg
0245542957,http://images.amazon.com/images/P/0245542957.01.THUMBZZZ.jpg,http://images.amazon.com/images/P/0245542957.01.MZZZZZZZ.jpg,http://images.amazon.com/images/P/0245542957.01.LZZZZZZZ.jpg
0380715899,http://images.amazon.com/images/P/0380715899.01.THUMBZZZ.jpg,http://images.amazon.com/images/P/0380715899.01.MZZZZZZZ.jpg,http://images.amazon.com/images/P/0380715899.01.LZZZZZZZ.jpg
0553280333,http://images.amazon.com/images/P/0553280333.01.THUMBZZZ.jpg,http://images.amazon.com/images/P/0553280333.01.MZZZZZZZ.jpg,http://images.amazon.com/images/P/0553280333.01.LZZZZZZZ.jpg
0961769947,http://images.amazon.com/images/P/0961769947.01.THUMBZZZ.jpg,http://images.amazon.com/images/P/0961769947.01.MZZZZZZZ.jpg,http://images.amazon.com/images/P/0961769947.01.LZZZZZZZ.jpg
0964778319,http://images.amazon.com/images/P/0964778319.01.THUMBZZZ.jpg,http://images.amazon.com/images/P/0964778319.01.MZZZZZZZ.jpg,http://images.amazon.com/images/P/0964778319.01.LZZZZZZZ.jpg
0671623249,http://images.amazon.com/images/P/0671623249.01.THUMBZZZ.jpg,http://images.amazon.com/images/P/0671623249.01.MZZZZZZZ.jpg,http://images.amazon.com/images/P/0671623249.01.LZZZZZZZ.jpg
0679810307,http://images.amazon.com/images/P/0679810307.01.THUMBZZZ.jpg,http://images.amazon.com/images/P/0679810307.01.MZZZZZZZ.jpg,http://images.amazon.com/images/P/0679810307.01.LZZZZZZZ.jpg
0679865691,http://images.amazon.com/images/P/0679865691.01.THUMBZZZ.jpg,http://images.amazon.com/images/P/0679865691.01.MZZZZZZZ.jpg,http://images.amazon.com/images/P/0679865691.01.LZZZZZZZ.jpg
2070423204,http://images.amazon.com/images/P/2070423204.01.THUMBZZZ.jpg,http://images.amazon.com/images/P/2070423204.01.MZZZZZZZ.jpg,http://images.amazon.com/images/P/2070423204.01.LZZZZZZZ.jpg
0345260317,http://images.amazon.com/images/P/0345260317.01.THUMBZZZ.jpg,http://images.amazon.com/images/P/0345260317.01.MZZZZZZZ.jpg,http://images.amazon.com/images/P/0345260317.01.LZZZZZZZ.jpg
0394743741,http://images.amazon.com/images/P/0394743741.01.THUMBZZZ.jpg,http://images.amazon.com/images/P/0394743741.01.MZZZZZZZ.jpg,http://images.amazon.com/images/P/0394743741.01.LZZZZZZZ.jpg
042511774X,http://images.amazon.com/images/P/042511774X.01.THUMBZZZ.jpg,http://images.amazon.com/images/P/042511774X.01.MZZZZZZZ.jpg,http://images.amazon.com/images/P/042511774X.01.LZZZZZZZ.jpg
0804106304,http://images.amazon.com/images/P/0804106304.01.THUMBZZZ.jpg,http://images.amazon.com/images/P/0804106304.01.MZZZZZZZ.jpg,http://images.amazon.com/images/P/0804106304.01.LZZZZZZZ.jpg
1853262404,http://images.amazon.com/images/P/1853262404.01.THUMBZZZ.jpg,http://images.amazon.com/images/P/1853262404.01.MZZZZZZZ.jpg,http://images.amazon.com/images/P/1853262404.01.LZZZZZZZ.jpg
0312970242,http://images.amazon.com/images/P/0312970242.01.THUMBZZZ.jpg,http://images.amazon.com/images/P/0312970242.01.MZZZZZZZ.jpg,http://images.amazon.com/images/P/0312970242.01.LZZZZZZZ.jpg
1853260053,http://images.amazon.com/images/P/1853260053.01.THUMBZZZ.jpg,http://images.amazon.com/images/P/1853260053.01.MZZZZZZZ.jpg,http://images.amazon.com/images/P/1853260053.01.LZZZZZZZ.jpg
1414035004,http://images.amazon.com/images/P/1414035004.01.THUMBZZZ.jpg,http://images.amazon.com/images/P/1414035004.01.MZZZZZZZ.jpg,http://images.amazon.com/images/P/1414035004.01.LZZZZZZZ.jpg
0060938412,http://images.amazon.com/images/P/0060938412.01.THUMBZZZ.jpg,http://images.amazon.com/images/P/0060938412.01.MZZZZZZZ.jpg,http://images.amazon.com/images/P/0060938412.01.LZZZZZZZ.jpg
0140067477,http://images.amazon.com/images/P/0140067477.01.THUMBZZZ.jpg,http://images.amazon.com/images/P/0140067477.01.MZZZZZZZ.jpg,http://images.amazon.com/images/P/0140067477.01.LZZZZZZZ.jpg
0345465083,http://images.amazon.com/images/P/0345465083.01.THUMBZZZ.jpg,http://images.amazon.com/images/P/0345465083.01.MZZZZZZZ.jpg,http://images.amazon.com/images/P/0345465083.01.LZZZZZZZ.jpg
0451625889,http://images.amazon.com/images/P/0451625889.01.THUMBZZZ.jpg,http://images.amazon.com/images/P/0451625889.01.MZZZZZZZ.jpg,http://images.amazon.com/images/P/0451625889.01.LZZZZZZZ.jpg
1558531025,http://images.amazon.com/images/P/1558531025.01.THUMBZZZ.jpg,http://images.amazon.com/images/P/1558531025.01.MZZZZZZZ.jpg,http://images.amazon.com/images/P/1558531025.01.LZZZZZZZ.jpg
0441783589,http://images.amazon.com/images/P/0441783589.01.THUMBZZZ.jpg,http://images.amazon.com/images/P/0441783589.01.MZZZZZZZ.jpg,http://images.amazon.com/images/P/0441783589.01.LZZZZZZZ.jpg
0394895894,http://images.amazon.com/images/P/0394895894.01.THUMBZZZ.jpg,http://images.amazon.com/images/P/0394895894.01.MZZZZZZZ.jpg,http://images.amazon.com/images/P/0394895894.01.LZZZZZZZ.jpg
1569871213,http://images.amazon.com/images/P/1569871213.01.THUMBZZZ.jpg,http://images.amazon.com/images/P/1569871213.01.MZZZZZZZ.jpg,http://images.amazon.com/images/P/1569871213.01.LZZZZZZZ.jpg
0375410538,http://images.amazon.com/images/P/0375410538.01.THUMBZZZ.jpg,http://images.amazon.com/images/P/0375410538.01.MZZZZZZZ.jpg,http://images.amazon.com/images/P/0375410538.01.LZZZZZZZ.jpg
0966986105,http://images.amazon.com/images/P/0966986105.01.THUMBZZZ.jpg,http://images.amazon.com/images/P/0966986105.01.MZZZZZZZ.jpg,http://images.amazon.com/images/P/0966986105.01.LZZZZZZZ.jpg
087113375X,http://images.amazon.com/images/P/087113375X.01.THUMBZZZ.jpg,http://images.amazon.com/images/P/087113375X.01.MZZZZZZZ.jpg,http://images.amazon.com/images/P/087113375X.01.LZZZZZZZ.jpg
0340767936,http://images.amazon.com/images/P/0340767936.01.THUMBZZZ.jpg,http://images.amazon.com/images/P/0340767936.01.MZZZZZZZ.jpg,http://images.amazon.com/images/P/0340767936.01.LZZZZZZZ.jpg
0743403843,http://images.amazon.com/images/P/0743403843.01.THUMBZZZ.jpg,http://images.amazon.com/images/P/0743403843.01.MZZZZZZZ.jpg,http://images.amazon.com/images/P/0743403843.01.LZZZZZZZ.jpg
0060930365,http://images.amazon.com/images/P/0060930365.01.THUMBZZZ.jpg,http://images.amazon.com/images/P/0060930365.01.MZZZZZZZ.jpg,http://images.amazon.com/images/P/0060930365.01.LZZZZZZZ.jpg
0060177586,http://images.amazon.com/images/P/0060177586.01.THUMBZZZ.jpg,http://images.amazon.com/images/P/0060177586.01.MZZZZZZZ.jpg,http://images.amazon.com/images/P/0060177586.01.LZZZZZZZ.jpg
0071416331,http://images.amazon.com/images/P/0071416331.01.THUMBZZZ.jpg,http://images.amazon.com/images/P/0071416331.01.MZZZZZZZ.jpg,http://images.amazon.com/images/P/0071416331.01.LZZZZZZZ.jpg
0375509038,http://images.amazon.com/images/P/0375509038.01.THUMBZZZ.jpg,http://images.amazon.com/images/P/0375509038.01.MZZZZZZZ.jpg,http://images.amazon.com/images/P/0375509038.01.LZZZZZZZ.jpg
0553062042,http://images.amazon.com/images/P/0553062042.01.THUMBZZZ.jpg,http://images.amazon.com/images/P/0553062042.01.MZZZZZZZ.jpg,http://images.amazon.com/images/P/0553062042.01.LZZZZZZZ.jpg
0316769487,http://images.amazon.com/images/P/0316769487.01.THUMBZZZ.jpg,http://images.amazon.com/images/P/0316769487.01.MZZZZZZZ.jpg,http://images.amazon.com/images/P/0316769487.01.LZZZZZZZ.jpg
8445071408,http://images.amazon.com/images/P/8445071408.01.THUMBZZZ.jpg,http://images.amazon.com/images/P/8445071408.01.MZZZZZZZ.jpg,http://images.amazon.com/images/P/8445071408.01.LZZZZZZZ.jpg
8445071769,http://images.amazon.com/images/P/8445071769.01.THUMBZZZ.jpg,http://images.amazon.com/images/P/8445071769.01.MZZZZZZZ.jpg,http://images.amazon.com/images/P/8445071769.01.LZZZZZZZ.jpg
8445071777,http://images.amazon.com/images/P/8445071777.01.THUMBZZZ.jpg,http://images.amazon.com/images/P/8445071777.01.MZZZZZZZ.jpg,http://images.amazon.com/images/P/8445071777.01.LZZZZZZZ.jpg
0679429220,http://images.amazon.com/images/P/0679429220.01.THUMBZZZ.jpg,http://images.amazon.com/images/P/0679429220.01.MZZZZZZZ.jpg,http://images.amazon.com/images/P/0679429220.01.LZZZZZZZ.jpg
0671867156,http://images.amazon.com/images/P/0671867156.01.THUMBZZZ.jpg,http://images.amazon.com/images/P/0671867156.01.MZZZZZZZ.jpg,http://images.amazon.com/images/P/0671867156.01.LZZZZZZZ.jpg
0312252617,http://images.amazon.com/images/P/0312252617.01.THUMBZZZ.jpg,http://images.amazon.com/images/P/0312252617.01.MZZZZZZZ.jpg,http://images.amazon.com/images/P/0312252617.01.LZZZZZZZ.jpg
0312261594,http://images.amazon.com/images/P/0312261594.01.THUMBZZZ.jpg,http://images.amazon.com/images/P/0312261594.01.MZZZZZZZ.jpg,http://images.amazon.com/images/P/0312261594.01.LZZZZZZZ.jpg
0316748641,http://images.amazon.com/images/P/0316748641.01.THUMBZZZ.jpg,http://images.amazon.com/images/P/0316748641.01.MZZZZZZZ.jpg,http://images.amazon.com/images/P/0316748641.01.LZZZZZZZ.jpg
